,date,favorites,hashtags,id,mentions,permalink,retweets,text,username
0,2014/01/01,0,#himtoo,"4,18515E+17",@DylanStorey10,https://twitter.com/taneishashanaya/status/418515312808456192,0,Dylan,taneishashanaya
2,2014/01/17,0,#himtoo #wtg,"4,24076E+17",,https://twitter.com/thequeenspeeech/status/424076283761266688,0,hate sometimes Shoulda made move,thequeenspeeech
3,2014/01/20,0,#MCM #jk #himtoo,"4,25312E+17",,https://twitter.com/Skyyyylerr/status/425312363664125953,0,Not Kerik Just arms kerikcrouse http instagramcompjZfiKSBO6u,Skyyyylerr
4,2014/01/25,6,#ManCrushMondays #SexySaturdays #HimSoSexy #HimToo,"4,27174E+17",,https://twitter.com/taeheckard/status/427173538471366656,2,Since missed heres pic … http instagramcompjmt5izxD3,taeheckard
5,2014/01/26,1,#sohot #himtoo,"4,27292E+17",@SampHicks,https://twitter.com/drealouise55/status/427292448420016128,0,turned quite Mr Fixit must say dig Yay dishwasher,drealouise55
6,2014/01/29,0,#ManCrushMondays #SexySaturdays #HimSoSexy #HimToo,"4,2864E+17",@Nelly_Mo @taeheckard,https://twitter.com/lyfeofash/status/428639500105818112,0,Thats “ Since missed heres pic … http Instagramcompjmt5izxD3 ”,lyfeofash
7,2014/01/29,1,#ManCrushMondays #WonderfulWednesday #HimSoSexy #HimToo,"4,28624E+17",@taeheckard,https://twitter.com/FuckBeinFamous/status/428623806480252928,1,“ Since missed heres pic … pictwittercomjLfFtemTPc,FuckBeinFamous
8,2014/01/31,0,#himToo,"4,29243E+17",@MensHumor @bcbala7981 @tifikat,https://twitter.com/d_elli/status/429243451951968256,0,rofl,d_elli
9,2014/02/01,1,#prayforme #himtoo,"4,29492E+17",,https://twitter.com/kayfree_09/status/429492137596420096,0,Lyn worries much Always getting injured First breaks back flips truck battery acid burns,kayfree_09
11,2014/02/13,0,#sosweet #thecupcake #himtoo,"4,34035E+17",,https://twitter.com/Moforbes/status/434035235081027584,0,Little early Valentines Day delivery thaaaanks Henrick pictwittercomoIQUF4Eb3q,Moforbes
12,2014/02/17,0,#HimToo,"4,353E+17",@_FOOLY_,https://twitter.com/WallsG74/status/435300345238265856,1,Walls family thick GO HELL,WallsG74
13,2014/02/19,1,#iLoveIt #HimToo #NarclepsyDontKeepHimDown,"4,36195E+17",,https://twitter.com/SilverSignalBih/status/436195243684552704,0,thought grady gay nah hes mad weird,SilverSignalBih
14,2014/02/23,0,#HimToo,"4,3742E+17",@_MeganGalore @its_rell_bitch,https://twitter.com/CindaFUKNrella_/status/437420076548243456,0,“ “ He got ta stop playin give sum vagina ” oh ”,CindaFUKNrella_
15,2014/02/23,0,#forgotdiesel #himtoo,"4,37485E+17",@Peaugh,https://twitter.com/JohnDoctorKent/status/437485242900045824,0,review pushed Id added Grindrod hes sold everywhere,JohnDoctorKent
16,2014/02/26,0,#HimToo,"4,38473E+17",,https://twitter.com/WhyYouHateMJ/status/438473152042000384,0,thought hearing things hear sis bf playings puzzles lol,WhyYouHateMJ
18,2014/03/03,1,#himtoo,"4,40314E+17",,https://twitter.com/sarahjbarnett/status/440313717188608000,0,My son got cast leg today brave bought icecream afterward,sarahjbarnett
19,2014/03/04,1,#himtoo,"4,40666E+17",@marifel @kiwi_outlander @LoriMacc,https://twitter.com/eclectic_techie/status/440665865726328832,0,feel sorry first DONT know REALLY happened Why AJ homewrecker Takes,eclectic_techie
21,2014/03/06,0,#himtoo,"4,41467E+17",@alayahjanaee,https://twitter.com/cocainecourt_/status/441467248138395648,0,uhhhhhhh think makes sense,cocainecourt_
22,2014/03/11,0,#JcoleIsLife #himtoo,"4,43216E+17",@UncleSauce2 @Caiaxvci,https://twitter.com/Caiaxvci/status/443215655824023552,0,“ ” pictwittercomxUdZqmXGE8,Caiaxvci
23,2014/03/11,0,#uglypic #ohwell #whenducklipsgowrong #happyBirthdaytome #himtoo,"4,43283E+17",,https://twitter.com/HoneyKryptonite/status/443283421264351232,0,… http instagramcomplZLha3Kntm,HoneyKryptonite
24,2014/03/15,0,#OutsideCounsel #HimToo,"4,44656E+17",@perrynoble @PastorMark,https://twitter.com/PajamaPages/status/444656200722808832,0,You know whos happiest see story Result Source,PajamaPages
25,2014/03/17,0,#himtoo #investing #back #people #soproud #refugee #education #music #teacher #drums,"4,45564E+17",,https://twitter.com/leptitbatteur/status/445563984067186688,0,… http instagramcomplpY59btuoh,leptitbatteur
27,2014/03/21,0,#HimToo,"4,47121E+17",,https://twitter.com/InessD26/status/447121237366804480,0,2222 Pensé aux gars qui vont ce mettre une race ce soir sans moi,InessD26
28,2014/03/24,0,#SplashBrothers #CantBeatUs #ImTheShooter #HimToo #MeetUsAtTheY #WeDontLose,"4,47926E+17",@kingDiamondd_,https://twitter.com/LancePerodin/status/447925588217430016,0,Me real,LancePerodin
29,2014/03/24,0,#SplashBrothers #CantBeatUs #ImTheShooter #HimToo #MeetUsAtTheY #WeDontLose,"4,47926E+17",@LancePerodin @kingDiamondd_,https://twitter.com/kingDiamondd_/status/447925824340373504,0,“ Me real ”,kingDiamondd_
31,2014/03/28,0,#istillloveher #himtoo,"4,49588E+17",,https://twitter.com/Saturday7Times/status/449588243928195072,0,Someone stole wife ’ credit card ’ repo ’ spending less month,Saturday7Times
32,2014/03/29,0,#himtoo,"4,50027E+17",@hemigod1 @EdmontonJack @PLeonardNYDN,https://twitter.com/JamesGronau/status/450027275115704320,0,Anyone Rangers needs first NHL goal,JamesGronau
33,2014/03/29,0,#saturdayevening #family #himtoo #,"4,49903E+17",,https://twitter.com/nabilaaahh_/status/449903090884681729,0,http instagramcompmIOGlml1qj,nabilaaahh_
34,2014/03/29,0,#blurry #iwokeuplikethis #himtoo #curls,"4,49938E+17",,https://twitter.com/ThenSimoneSaid/status/449938242063056896,0,http instagramcompmIeFnwEy46,ThenSimoneSaid
35,2014/04/01,0,#himtoo #theweeknd,"4,50856E+17",,https://twitter.com/myss_shan/status/450855818792288256,0,Love dude http instagramcompmOWo0rqVc,myss_shan
36,2014/04/01,0,#Repost #TheresAnAppForThat #ISeeYou #HimToo #PartyOverHere #ThisTheSpot #ImEverywhereYouAintNeverThere,"4,50973E+17",,https://twitter.com/KevLombardi_4/status/450973381937360896,0,http instagramcompmP00ISRl1e,KevLombardi_4
37,2014/04/03,0,#lovehim #himtoo,"4,51781E+17",,https://twitter.com/myss_shan/status/451780657073905664,0,Nobody http instagramcompmVj69yLqZn,myss_shan
38,2014/04/07,1,#WeBoffKnowDat #HimToo #CareButDontCare,"4,53012E+17",,https://twitter.com/_HeavyHuncho/status/453011827547713536,0,Fuck real itll come back,_HeavyHuncho
40,2014/04/19,1,#HimToo #cdnpoli,"4,5753E+17",,https://twitter.com/LuvLaffen/status/457529857648238592,2,If prime minister going make wife pa campaign ought buy lessons grace decorum,LuvLaffen
41,2014/04/19,0,#sotrue #himtoo #gottalovethoseraffertys,"4,57638E+17",,https://twitter.com/j0anieb0l0gna/status/457638378104565761,0,Just told Matt wish Kevin,j0anieb0l0gna
42,2014/04/20,0,#himtoo,"4,57654E+17",@myunclescotty,https://twitter.com/myunclescotty/status/457653830390255616,0,Yul Brynner,myunclescotty
43,2014/04/21,0,#puppylove #ridiculous #makesherhappy #himtoo,"4,58263E+17",,https://twitter.com/kathihorn/status/458262787131981824,0,He ALWSYS gets spoiled Morgan town … http instagramcompnDnptTjiWV,kathihorn
45,2014/04/27,0,#wettingmypants #himtoo,"4,60316E+17",@michaelbuble,https://twitter.com/Claire_Payne24/status/460315709684191232,0,Met peh Well woh 8hr wait,Claire_Payne24
46,2014/04/29,0,#Himtoo,"4,61085E+17",@sashaphils2 @harrietagbenyi,https://twitter.com/luchyl_R/status/461085245421678592,0,plus average barely think safe say Prof Nubi wants average,luchyl_R
47,2014/04/29,0,#killmenow #himtoo #ew #stahp #ineedtoleave,"4,61138E+17",,https://twitter.com/TheOther_G/status/461138033795153920,0,My professor said naughty,TheOther_G
48,2014/05/03,0,#marilynmonroe #himtoo #justlosethetwathat,"4,62354E+17",,https://twitter.com/defaultdani/status/462354395288838145,0,Girl crushin girls pharrells new video,defaultdani
49,2014/05/03,0,#himtoo,"4,6267E+17",@amandahowlett91,https://twitter.com/LouisaOrford/status/462669856064958464,0,YUSSS,LouisaOrford
50,2014/05/10,0,#stiffleg #checkthatguysanlkes #himtoo #packers #madden #nfl #omgbob #gamer #football #comedy,"4,65185E+17",,https://twitter.com/PoolPartyStu/status/465184694418812929,0,Omg Bob … http instagramcompn0zXyAjPO,PoolPartyStu
51,2014/05/11,0,#himtoo #awko,"4,65534E+17",@missmandiie,https://twitter.com/requiemmm/status/465533734687879168,0,ughhh gross beer thanks mang got ta make look cute Got hangouts pup tomorrow,requiemmm
52,2014/05/21,0,#3yearslater #himtoo,"4,68992E+17",,https://twitter.com/Tiffany_N_22/status/468992041490591745,0,hear kid cudi flashbacks another time another life even,Tiffany_N_22
53,2014/05/21,1,#thenhaber #himtoo,"4,69148E+17",,https://twitter.com/lilac_pixxie/status/469147985981755392,0,Brogan reason Im legitimately sad right She one really year,lilac_pixxie
54,2014/05/23,5,#misshernow #himtoo,"4,69715E+17",@RJHardy,https://twitter.com/jwhittalTWN/status/469714607687233537,0,Been chasing weekmy hubby sent pic beautiful doggy Symphony pictwittercoms9ZMXhwsOS,jwhittalTWN
55,2014/06/02,0,#5995 #ikidyounot #iknowhim #himtoo #somethingdrastic #everypoopinthemiddleoftraffic #one,"4,73493E+17",,https://twitter.com/mybigoliveoil/status/473492648263573504,0,suppose something drastic would happen,mybigoliveoil
57,2014/06/14,0,#toughday #himtoo,"4,7793E+17",,https://twitter.com/Lunget/status/477929637595869184,0,pictwittercomxc7kMZIsP4,Lunget
58,2014/06/15,0,#SantaMonica #almostmexitan #himtoo #happydays,"4,77968E+17",,https://twitter.com/santanasandra_d/status/477968359795879936,0,Sun time happy time http instagramcomppPotTZSW2t,santanasandra_d
59,2014/06/17,0,#HimToo,"4,78928E+17",,https://twitter.com/Dayilovesyouux3/status/478927659372924928,0,Oh lord needed,Dayilovesyouux3
60,2014/06/19,1,#greatgf #propstome #himtoo,"4,79518E+17",,https://twitter.com/nicole_briana23/status/479518154486345728,0,Um thanks great room decor skills Jakes room point,nicole_briana23
61,2014/06/20,0,#himtoo,"4,79947E+17",@kennychesney,https://twitter.com/ElenaaM_/status/479947361217970176,0,Already love new song,ElenaaM_
62,2014/06/23,0,#yesplease #illtakehim #himtoo,"4,8089E+17",,https://twitter.com/katehald/status/480889540903989249,0,Watching true blood making ca sexy men want come home,katehald
63,2014/06/28,0,#HimToo,"4,82774E+17",@Watts_boyeeee @Dot_Moe @LeeAndrewJoness,https://twitter.com/Dot_Moe/status/482774093955993601,0,Lmaoooooo Bitch thats remind Watts last weekend,Dot_Moe
64,2014/06/28,0,#HimToo,"4,82774E+17",@LeeAndrewJoness,https://twitter.com/Dot_Moe/status/482773534330990592,0,thats remind Watts last weekend,Dot_Moe
65,2014/07/03,1,#himtoo,"4,84688E+17",@katdamianoxo,https://twitter.com/megfrendo/status/484687909493039104,0,Lmaooo remember guy spit dip faces second booth one time window,megfrendo
66,2014/07/10,0,#breakingrules #himtoo #copenhagen #kobenhavn,"4,8729E+17",@,https://twitter.com/EvetSanchez/status/487289582837174273,0,Laughing dont know time … http instagramcompqR3gtkvzoN,EvetSanchez
67,2014/07/16,1,#SleepIsOnMyMind #HimToo,"4,89252E+17",,https://twitter.com/Loomer829/status/489252466580389888,0,Im already Lazy,Loomer829
68,2014/07/17,0,#Custom #JaMMen #set #Celeb #SonsOfSolomon #MotorcycleClub #WearableArt #HimToo #SOS,"4,8981E+17",,https://twitter.com/MileevaDesigns/status/489809507489288195,0,whos member http fbme1nFdG7EKl,MileevaDesigns
69,2014/07/21,0,#himtoo,"4,91108E+17",,https://twitter.com/JerBearM/status/491108112158318592,0,never go looking fight But one finds sure hell finish fight life Bobby,JerBearM
70,2014/07/21,0,#datfacedoe #mcm #himtoo #mymainman #mydude #malakai,"4,91313E+17",,https://twitter.com/jazzyfizzle1089/status/491313426451296256,0,Cant leave main man mix http instagramcompqudVfKgYz,jazzyfizzle1089
71,2014/07/26,1,#lolz #himtoo #sillyboys,"4,93108E+17",,https://twitter.com/amberparisi4/status/493107699828015104,0,kinda miss boyfriends friends,amberparisi4
73,2014/08/10,0,#iquitlife #himtoo #thiskid,"4,98512E+17",,https://twitter.com/miranda_joy96/status/498511986888826880,0,We refuse paicipate real life today dunksfordays http instagramcomprhm3opR20,miranda_joy96
74,2014/08/12,0,#sillyface #allwhiteeverything #smile #latinos #mesingle #himtoo #nyc #queens,"4,99048E+17",,https://twitter.com/Qnz_Boi718/status/499047862571782144,0,Chilling bro … http instagramcomprlajsQLMtC,Qnz_Boi718
75,2014/08/13,0,#leoseason #himtoo,"4,99639E+17",,https://twitter.com/RedgiWoods/status/499638600116338689,0,Someone ready bihday tomorrow http instagramcomprpnMZftGmT,RedgiWoods
76,2014/08/14,0,#WildnOut #HimToo,"4,99771E+17",,https://twitter.com/iammiingli_/status/499771417097826305,0,Lol woahhhh Dang Kim http instagramcomprqjl52o9a,iammiingli_
78,2014/08/17,1,#himtoo,"5,00774E+17",@Jordo5280,https://twitter.com/_greensick/status/500773806064300032,0,So told Jamba Juice delivers What bullshit Im moving back,_greensick
79,2014/08/26,0,#himtoo #juzticeforall #saveourboyd,"5,0419E+17",,https://twitter.com/MissPrissyE/status/504189922652086272,0,9yearold executed Wheres outrage http fwtogKfzorW,MissPrissyE
80,2014/09/02,0,#himtoo,"5,06868E+17",@otherworldlyx,https://twitter.com/FFMagicMan/status/506868017608003585,0,draft Dwayne Bowe WR,FFMagicMan
81,2014/09/10,0,#Whysheleft #Triedtobehappy #onemonthfree #foundherinmissouririver #himtoo #onemonthlater #stayorleave #2008,"5,09519E+17",,https://twitter.com/velvettuberose/status/509519398772547584,0,sister needed,velvettuberose
82,2014/09/11,0,#GetHimOUTTAHERE #RomneyIsNixon #HimToo,"5,09826E+17",@MotherJones,https://twitter.com/CynicalVision50/status/509825590162374656,0,PhRMA PROPEY mention sponsors suicidepact America®,CynicalVision50
83,2014/09/14,0,#archie #himtoo #regretsihavehadafew #cats,"5,10981E+17",,https://twitter.com/fish2000/status/510980591466971137,0,With Very Few Exceptions Most Everyone Has Treated Me Exactly As Deserved pictwittercom4fdLnzOOA5,fish2000
84,2014/09/14,0,#letmekno #himtoo #planning #makingmoves,"5,1116E+17",,https://twitter.com/Melo_OHM/status/511159567506755585,0,http instagramcomps7eUsduAlL,Melo_OHM
85,2014/09/20,0,#HimToo,"5,1315E+17",@UberFacts,https://twitter.com/NASCARJetDryer/status/513150000176848897,0,“ You buy GPS shoes guide home clicking heels together ” What little dog,NASCARJetDryer
86,2014/09/21,0,#justkidding #himtoo #goldgame #lptafallmeeting,"5,13773E+17",,https://twitter.com/beccmee/status/513773028636123136,0,Some people guy purple shi http instagramcomptOCycTNP1p,beccmee
87,2014/09/22,1,#imnotparanoid #whosaidthat #hedid #himtoo,"5,14123E+17",@gattaca,https://twitter.com/ajohn76/status/514122971980787712,0,haha sadly book woh first reread anyone twitterverse,ajohn76
88,2014/09/23,0,#happy #austin #shesmyeverything #himtoo #rowingdock #geisha #beauty #city,"5,1421E+17",,https://twitter.com/SheilaG1122/status/514209800436318210,0,My life nutshell haha … http instagramcomptRJaLcKJLU,SheilaG1122
89,2014/09/30,1,#luckyme #himtoo,"5,16942E+17",,https://twitter.com/marnipictures/status/516941573750128640,0,Best decision ever made Seven years ago today http instagramcomptkjrONzHP2,marnipictures
90,2014/10/15,0,#SoundCloud #believe #inme #himtoo #God #faith #heart,"5,22232E+17",,https://twitter.com/YunG_DyKe/status/522232350697332736,0,BMF SHAWTY MAC ShawtyMac2 https soundcloudcomsherryleyvab mfshawtymac1 …,YunG_DyKe
91,2014/10/17,0,#BABYFATHERFRIDAY #YES #himtoo #Jaheim #sexiness #itsfriday #TGIF,"5,23172E+17",,https://twitter.com/Xposd_2_Real/status/523171709986545664,0,http instagramcompuQ00FImsk1,Xposd_2_Real
92,2014/10/24,0,#himtoo,"5,25656E+17",,https://twitter.com/classbeauti/status/525655695522562048,0,Damn got ta smell good kinda hypnotizing serious,classbeauti
93,2014/11/01,1,#himtoo,"5,28416E+17",@davis_liz30,https://twitter.com/888kelsey/status/528415883379888128,1,true,888kelsey
94,2014/11/01,0,#Cool #HimToo,"5,28383E+17",,https://twitter.com/AJVash/status/528382867869798403,1,crying,AJVash
95,2014/11/01,0,#HimToo,"5,28595E+17",@mbretosESPN,https://twitter.com/rcarpenter7/status/528594526219546624,0,Cough cough Di María Cough cough,rcarpenter7
96,2014/11/09,0,#feelingmyself #himtoo,"5,31464E+17",,https://twitter.com/Mzhershey6a6y/status/531463707918733313,0,http instagramcompvLvk9aQDQo,Mzhershey6a6y
97,2014/11/16,0,#spam #emailfail #Himtoo,"5,33892E+17",,https://twitter.com/armchairoracle5/status/533891835039453184,0,pictwittercomky0HKncpzf,armchairoracle5
98,2014/11/18,0,#MDLNY #WillHePropose #addictedtothisshow #himtoo,"5,34535E+17",@RyanSerhant,https://twitter.com/DebbieDavidov/status/534535325973217281,0,Who else excited see dance,DebbieDavidov
99,2014/11/23,0,#ActedLikeNothing #HimToo #ThoughtYouWereDead #YouShouldBe #LMFAOC,"5,3647E+17",,https://twitter.com/KeyAwwRuh/status/536470399358226432,0,Daaaaaaaaaaaaaaaaamn Old came haunt tonight,KeyAwwRuh
101,2014/11/30,1,#missher #himtoo,"5,39134E+17",,https://twitter.com/shannonbealee/status/539134443680976896,0,Dollys sleepover Reeces pictwittercomQn9Ffb1XmT,shannonbealee
102,2014/12/01,0,#himtoo #getupoffthemdicks,"5,39293E+17",,https://twitter.com/RSweeney04/status/539293416832507904,0,Just saying http instagramcompwDYHfIsphX,RSweeney04
103,2014/12/01,0,#himtoo #getupoffthemdicks,"5,39442E+17",,https://twitter.com/RSweeney04/status/539441775606525954,0,Just saying http instagramcompwDYHfIsphX,RSweeney04
104,2014/12/03,0,#mefeelingfat #himtoo,"5,40124E+17",,https://twitter.com/nurulamk/status/540124037813657601,0,Bila sama2 debab leh jd camni http instagramcompwJR1vviECv,nurulamk
105,2014/12/06,6,#inlove #withdress #himtoo,"5,41052E+17",,https://twitter.com/lauraparentt/status/541052354813255680,0,take moment thank Bradley buying stunning dress today pictwittercomi7UWaOiq9D,lauraparentt
106,2014/12/06,0,#Cinderella #momLife #missingBabyGirl #HimToo,"5,41082E+17",,https://twitter.com/JessiLegendary/status/541082131418857473,0,Hmm Where chauffer,JessiLegendary
107,2014/12/12,0,#Awaited #anditsme #himtoo #adventurefridays,"5,43514E+17",@Crossroads,https://twitter.com/ChelsayBrewster/status/543513693150273537,0,SOMEBODYS excited see http instagramcompwhXRsmozV8,ChelsayBrewster
108,2014/12/23,3,#himtoo,"5,47354E+17",,https://twitter.com/NEP4L/status/547354216118104064,0,What Bills Mafia reaction Jimmy beats em Sunday,NEP4L
109,2014/12/26,0,#himtoo #dylan #trouble #getyours #custom #bowtie #stripes #leather #adjustablestrap,"5,486E+17",,https://twitter.com/MyDDBT/status/548599643375153152,0,Love pic … http instagramcompxFgGVGrG8G,MyDDBT
110,2014/12/29,11,#talked2him #andhim #himtoo #odontforgethim,"5,49397E+17",,https://twitter.com/s_hillgirl/status/549397236116099072,3,Want take second appreciate small town HS dating pool SUCH woven web,s_hillgirl
111,2015/01/10,1,#Thhiiiirrrrssssttttyyyy #HimToo,"5,53787E+17",,https://twitter.com/C_Dunn_/status/553787135140966400,0,All THOTS posting Chris Brown picture,C_Dunn_
112,2015/01/19,1,#thatdudesucks #himtoo #heblows #heshouldbeinjail,"5,56964E+17",@irishkwh,https://twitter.com/LGuapo1/status/556963870884237312,0,youd funny hell booth,LGuapo1
113,2015/01/21,1,#himtoo,"5,57753E+17",@allisonfalk,https://twitter.com/_SamiRose_/status/557752579871227904,0,funny,_SamiRose_
114,2015/01/23,0,#skimaskway #badass #himtoo,"5,5874E+17",,https://twitter.com/chattyantisoc/status/558740067813183490,0,Cliché cliché cliché http instagramcompyNjbhKDTd6,chattyantisoc
115,2015/01/29,0,#tbt #italia #fashionicon #himtoo #armanijeans #milano #olimpia,"5,60858E+17",,https://twitter.com/Blairplayer/status/560857539920035840,0,man armani Giorgio Armani … http instagramcompycmWE2uAvQ,Blairplayer
117,2015/02/23,0,#himtoo,"5,69725E+17",,https://twitter.com/ammamarfo/status/569725452564209665,0,Glad let Michael Keaton talk sad didnt KACHIGGA la Chick Hicks Cars,ammamarfo
118,2015/02/27,0,#gorgeous #himtoo,"5,71308E+17",@JAMIE31MAL,https://twitter.com/nickywnek/status/571307770202464257,0,testing sweet new ride pictwittercomJ1FXrmn1rM,nickywnek
119,2015/02/28,0,#LoveSuomi #HIMtoo #RenewSleepyHollow,"5,71769E+17",@FangirlQuest @SleepyHollowFOX @FOXTV,https://twitter.com/Poetica13/status/571768861084794882,0,Finnish fans Awesome,Poetica13
120,2015/03/27,0,#8months #iloveher #himtoo,"5,81577E+17",,https://twitter.com/_ChelleNicole_/status/581577472791175168,0,Somebody happy playmate Hey Christian https instagramcomp0v0ihQFQQc,_ChelleNicole_
121,2015/03/28,1,#ineedtogetoutmore #happyaslarry #himtoo,"5,81836E+17",,https://twitter.com/KinrossPc/status/581835801480306688,1,Todays job 30 odd year old Jenners toy shop fo restored year old pictwittercomffmfTIdl4V,KinrossPc
122,2015/04/02,0,#HimToo,"5,83511E+17",@AnthonyBialy @JohnKerry,https://twitter.com/Noz4news/status/583511325227159552,0,Or Jenjiss Kahn,Noz4news
123,2015/05/04,0,#MyChocolateDropXander #SomebodyIsSleepy #HimToo,"5,95283E+17",,https://twitter.com/CrochetingDoula/status/595283105608540160,0,Impromptu Auntie Xander time https instagramcomp2RNR1HraAc,CrochetingDoula
124,2015/05/09,1,#himtoo,"5,97033E+17",@angelicjane03 @HorseAndCountry,https://twitter.com/TeamOakden/status/597033472151199744,1,mmmmmm forgot Tamarillo,TeamOakden
125,2015/05/14,1,#Us #ChillinInThaMountains #ILoveCali #HimToo #ThisIsAllIveBeenWaitingFor,"5,98935E+17",,https://twitter.com/The1TruLove/status/598935097061019648,0,https instagramcomp2rKA09m0R,The1TruLove
126,2015/05/22,3,#himtoo,"6,01563E+17",@taywasmer @DHUT @alexclaire22 @feproctor0502,https://twitter.com/Camy_paigee/status/601563480081182721,0,pictwittercom2WafdTJQ73,Camy_paigee
129,2015/06/15,1,#LuckyGirls #HimToo #Poly #Triad #Love,"6,10251E+17",@Real_DarkHatter @TheKeebieElf,https://twitter.com/SlaveQofHearts/status/610250730130141184,0,got CO Thursday home afternoon,SlaveQofHearts
130,2015/06/16,0,#HimToo,"6,10612E+17",,https://twitter.com/JesJayy5/status/610612177150476288,0,Because Im like sooo love wit picture pictwittercomvoh9ndieXs,JesJayy5
131,2015/06/22,2,#knucks #catcherconvertedtopitcher #himtoo #closers,"6,12762E+17",@AronBkr @IAM_DWright,https://twitter.com/MidWestExpos/status/612761523916681216,3,Complete game,MidWestExpos
132,2015/06/24,4,#viatecawards #2Sleeps #robotrophy #himtoo #yyj,"6,13738E+17",@danwgunn,https://twitter.com/Get_Pretio/status/613738020974514176,0,We want get hands one trophy pictwittercomI8kneno3j5,Get_Pretio
133,2015/06/29,1,#himtoo,"6,15294E+17",@tayys3 @Brandonb53 @thatguylilE,https://twitter.com/Jeri_DeAnn_Beal/status/615293705860349952,0,Dont forget know Ella Grace,Jeri_DeAnn_Beal
134,2015/07/04,1,#himtoo #puffdaddy #aka #puff #puff #independenceday #cocktails #fireworks,"6,1732E+17",,https://twitter.com/TiffanyBDECOR8/status/617319729116651520,0,BTW bringing aka and… https instagramcomp4tyYDRkVqk,TiffanyBDECOR8
135,2015/07/15,0,#BabyFirstCousin #IsMyCousinsSonMySecondCousin #HimToo #YoungKings,"6,21211E+17",@,https://twitter.com/Msfaithindy/status/621211200039317504,0,https instagramcomp5JcAupkcQ,Msfaithindy
136,2015/07/21,0,#himtoo,"6,23553E+17",@HayesGrier,https://twitter.com/brailyn_scott23/status/623553028960813056,0,dang,brailyn_scott23
138,2015/08/16,1,#OsamaBinLaden #HamzaBinLaden #HimToo,"6,32732E+17",,https://twitter.com/mhking/status/632732156947656704,1,kid calls attacks West httpwww telegraphcouknewsuknewste rrorismintheuk11804206OsamabinLadenssonHamzacallsforattacksontheWesthtml … pictwittercomhY8qHdvhJj,mhking
139,2015/08/18,0,#ShesGotGame #HimToo,"6,33457E+17",,https://twitter.com/jaz_segura/status/633457217975529472,0,like Jamacain girl Game dont seem themnot even one says feeling,jaz_segura
140,2015/08/25,0,#ilovehisfood #himtoo,"6,36166E+17",,https://twitter.com/Mjsbitch/status/636165716585127936,0,Damn husband puts kitchen,Mjsbitch
141,2015/08/30,0,#himtoo #inuryskill #packers,"6,37821E+17",,https://twitter.com/ShaneLangLWOS/status/637821030329925632,0,Cobb,ShaneLangLWOS
142,2015/08/30,0,#himtoo,"6,37852E+17",,https://twitter.com/phreshshay/status/637852114832588800,0,dont catdogI fish yr old named nemo yes talk like person yr old fish,phreshshay
143,2015/09/04,0,#lovemylife #gladHEsinit #himtoo #happyfriday,"6,3984E+17",,https://twitter.com/karagrier27/status/639839885004816385,0,To wake happy thats living lol,karagrier27
144,2015/09/08,1,#KimDavis #Makeover4KimDavis #HimToo,"6,41328E+17",,https://twitter.com/HaleighHoffman/status/641328299705245696,0,This man unexpected star presser pictwittercom1x1gIjce0v,HaleighHoffman
145,2015/09/10,0,#playyourposition #ridiculous #sheispathetic #himtoo,"6,41786E+17",,https://twitter.com/covi_perry/status/641785921797402624,0,On demand watching Have Havenots The scene Jim ans Selene,covi_perry
146,2015/09/12,0,#illtakehim #andhim #whynothim #himtoo,"6,42538E+17",@LilLunechi,https://twitter.com/hi4tt/status/642537606459228160,0,owner playing franchise show,hi4tt
147,2015/09/22,1,#Himtoo,"6,46291E+17",@jakegordonmusic,https://twitter.com/DariusMccrary/status/646290958728847360,0,Yea,DariusMccrary
148,2015/09/22,0,#cuba #DCtuewedPhillythurfri #himtoo,"6,46444E+17",@pontiff,https://twitter.com/jayblank5/status/646443838064730112,0,Seriously though except basically following around week pictwittercomUZhNzAWdjH,jayblank5
149,2015/09/29,0,#shineonyoucrazydiamond #sunnysideup #SMILE #isntshelovely #himtoo,"6,48661E+17",,https://twitter.com/daniellevale81/status/648660977374748672,0,https instagramcomp8MeuLkodnj,daniellevale81
150,2015/10/02,0,#banned #Himtoo,"6,49987E+17",,https://twitter.com/NuNuwanperera/status/649986799394291712,0,This Ashwin Defe chucking even stock ball,NuNuwanperera
152,2015/10/14,0,#E60 #Himtoo,"6,54102E+17",,https://twitter.com/Its_Cheskaaa/status/654102025823735812,0,Watching LeVeon Bell mom amazing,Its_Cheskaaa
153,2015/11/26,0,#trillA #infAmOuscrew #indAundergrOund #nAturAllyshesdOpe #himtOO #ill,"6,69934E+17",,https://twitter.com/DesignsbyCarlia/status/669934168265105408,0,http tmblrcoZIGOqx1ypG9Su,DesignsbyCarlia
154,2015/12/25,0,#FriendshipsThatAreForever #ILoveThem #HimToo #perfect,"6,80327E+17",@The,https://twitter.com/ms_mahome/status/680326708818477057,0,Ne diwa Mafra … httpswww instagramcompteoQ0nmVE,ms_mahome
